Dataset,P_OOD,P_IID,N(01),LoID,LLMProcesses,AutoElicit,Gap_Closed
adult,0.414,0.809,0.9997,0.7448,0.9997,0.5098,83.8
cervical_cancer,0.440,0.870,0.4477,0.681,0.6578,0.5697,56.0
chronic_kidney_disease,0.822,0.993,0.7151,0.901,0.5900,0.3196,46.2
diabetes_prediction,0.883,0.963,0.853,0.906,0.5000,0.8635,28.8
stroke,0.608,0.842,0.618,0.6935,0.5000,0.6703,36.5
heart_failure,0.746,0.849,0.742,0.753,0.7701,0.7475,6.8
bank,0.780,0.878,0.780,0.652,0.4976,0.6916,-130.6
blood,0.572,0.748,0.572,0.663,0.4827,0.5559,51.7
hnc,0.542,0.998,0.567,0.696,0.5000,0.6091,33.8
concrete_strength,469.20,98.14,165.72,120.59,136.57,1974.1078,93.9
communities_crime,0.17,0.01,0.0732,0.07,0.15,0.3018,62.5
airfoil_noise,77.16,23.69,51.11,60.51,47.80,62.2068,68.9
combined_cycle_power,962.94,21.24,23.58,960.92,462.89,47.1435,0.1
bike_sharing,77858,19030,71890,78351,75650,71405.3264,-1.8
good_credit_score,0.71,0.79,0.71,0.76,0.70,0.71,62.5
