feature,logprob_yes,logprob_no,prior_mean,prior_std
bp,-4.6875,-12.4375,7.75,0.11428571428571428
bgr,-4.625,-12.3125,7.6875,0.11510791366906475
bu,-5.28125,-11.4375,6.15625,0.13973799126637554
sc,-5.15625,-12.0,6.84375,0.12749003984063745
sod,-5.03125,-10.375,5.34375,0.15763546798029557
hemo,-7.71875,-6.90625,-0.8125,0.5517241379310345
pcv,-7.59375,-6.90625,-0.6875,0.5925925925925926
rbcc,-7.59375,-6.78125,-0.8125,0.5517241379310345
sg_1.01,-9.5,-6.34375,-3.15625,0.24060150375939848
sg_1.015,-9.8125,-6.59375,-3.21875,0.23703703703703705
sg_1.025,-9.625,-6.625,-3.0,0.25
al_0,-10.0625,-6.75,-3.3125,0.2318840579710145
htn_yes,-4.65625,-12.3125,7.65625,0.11552346570397112
dm_yes,-4.71875,-12.75,8.03125,0.11072664359861592
appet_good,-9.625,-6.0625,-3.5625,0.2191780821917808
